1	07.	2020-04-11
1	1.	2020-04-06
1	1.	2020-04-16
3	1.	2020-04-21
1	10.	2020-04-20
1	11.	2020-04-13
1	11.	2020-04-16
1	14.	2020-03-24
1	16.	2020-04-14
1	16.	2020-04-20
1	16.	2020-05-22
1	18.	2020-04-08
1	18.	2020-05-01
1	19.	2020-03-16
1	19.	2020-03-30
1	19.	2020-04-02
2	19.	2020-04-27
2	2.	2020-04-27
1	20.	2020-04-06
2	20.	2020-04-07
1	20.	2020-04-08
1	21.	2020-03-24
1	21.	2020-04-28
1	22.	2020-04-01
1	22.	2020-04-12
1	22.	2020-06-13
1	23.	2020-03-21
1	23.	2020-03-26
1	23.	2020-04-08
1	23.	2020-04-28
1	24.	2020-03-26
1	25.	2020-03-22
1	25.	2020-04-12
1	25.	2020-05-13
1	29.	2020-03-31
1	29.	2020-04-13
1	30.	2019-01-04
1	31.	2020-03-22
1	4.	2020-04-25
1	4.	2020-05-01
1	6.	2020-04-17
1	6.	2020-05-11
1	9.	2020-04-03
2	Berliner	2020-03-21
1	Berliner	2020-03-31
1	Berliner	2020-04-27
1	Frankfurter	2020-04-07
1	Frankfurter	2020-04-10
2	Frankfurter	2020-04-29
2	Hamburger	2020-04-27
1	Heidelberger	2020-05-25
1	Kreuzberger	2020-03-16
1	Lars	2020-03-24
1	Lars	2020-04-09
1	Pariser	2020-04-03
1	Salzburger	2020-04-20
1	Schweizer	2020-04-01
1	Schweizer	2020-04-02
1	Zürcher	2020-03-27
1	Zürcher	2020-04-06
1	abenteuerlich	2020-04-20
2	abgestimmt	2020-05-14
1	absehbar	2020-04-06
1	absehbar	2020-04-08
1	absehbar	2020-04-19
1	absehbar	2020-05-07
1	absolut	2020-03-18
1	absolut	2020-03-22
1	absolut	2020-04-07
2	absolut	2020-04-08
1	achtseiteig	2020-03-23
1	akademisch	2020-04-20
1	akademisch	2020-04-26
1	aktuell	2020-04-06
1	aktuell	2020-04-11
1	aktuell	2020-04-16
2	aktuell	2020-04-23
1	aktuell	2020-04-28
1	aktuell	2020-04-30
1	aktuell	2020-05-04
1	aktuell	2020-06-15
1	akut	2020-04-06
1	akzeptiert	2020-04-08
1	albern	2020-04-20
1	allfällig	2020-04-14
1	allgemein	2020-03-19
1	allgemein	2020-04-01
2	allgemein	2020-04-06
1	allgemein	2020-04-07
1	allgemein	2020-04-08
1	allgemein	2020-04-09
1	allgemein	2020-04-10
3	allgemein	2020-04-13
1	allgemein	2020-04-15
1	allgemein	2020-04-18
1	allgemein	2020-04-22
1	allgemein	2020-05-05
1	allgemein	2020-05-13
1	allgemein	2020-05-21
1	allmählich	2020-05-18
1	alt	2020-04-01
1	alt	2020-04-03
1	alt	2020-04-06
1	alt	2020-04-28
1	alt	2020-05-21
1	ambivalent	2020-05-03
1	amerikanisch	2020-03-27
1	amerikanisch	2020-04-12
1	amerikanisch	2020-04-16
1	andauernd	2020-04-06
1	andauernd	2020-04-13
1	andauernd	2020-04-30
1	andauernd	2020-05-20
2	ander	2020-03-19
1	ander	2020-03-20
1	ander	2020-03-23
2	ander	2020-03-28
1	ander	2020-03-31
2	ander	2020-04-01
1	ander	2020-04-06
1	ander	2020-04-08
1	ander	2020-04-10
1	ander	2020-04-11
1	ander	2020-04-13
1	ander	2020-04-14
1	ander	2020-04-16
1	ander	2020-04-17
1	ander	2020-04-19
3	ander	2020-04-22
1	ander	2020-04-23
2	ander	2020-04-26
1	ander	2020-05-02
1	ander	2020-05-04
2	ander	2020-05-06
1	ander	2020-05-13
1	ander	2020-05-16
1	ander	2020-05-24
1	angeblich	2020-05-04
1	angekündigt	2020-03-16
1	angenehmen	2020-04-13
1	angenehmen	2020-06-04
2	angeordnet	2020-03-19
1	angeordnet	2020-03-21
1	angewendt	2020-04-22
1	angezeigt	2020-04-13
1	angrenzend	2020-04-02
1	anhaltend	2020-03-26
1	anhaltend	2020-04-04
1	anhaltend	2020-04-06
1	anhaltend	2020-05-22
1	annähernd	2020-04-15
1	anonym	2020-05-15
1	anschliessenden	2020-03-30
1	anschließend	2020-03-26
1	anschließend	2020-04-03
1	anschließend	2020-04-08
1	anschließend	2020-05-26
1	anschließend	2020-06-04
1	anschließend	2020-06-15
1	anspruchsvoll	2020-04-07
1	anspruchsvoll	2020-04-10
1	anstehend	2020-05-08
1	ansteigend	2020-03-19
1	ansteigend	2020-06-04
1	antizyklisch	2020-05-03
1	arm	2020-05-10
1	arm	2020-06-07
1	asiatisch	2020-03-23
1	asymmetrisch	2020-05-01
1	auffällig	2020-05-04
1	aufgebaut	2020-04-08
1	aufgehalten	2020-04-30
1	aufgestellt	2020-05-01
1	ausbrechend	2020-05-01
1	ausdrücklich	2020-03-16
2	ausdrücklich	2020-05-16
1	ausführlich	2020-04-15
1	ausgebildet	2020-03-11
1	ausgebucht	2020-06-08
1	ausgefranst	2020-04-16
1	ausgeprägt	2020-04-27
1	ausreichend	2020-04-04
1	autokratisch	2020-04-06
1	außergewöhnlich	2020-04-09
1	baldig	2020-04-16
1	baldig	2020-04-20
1	basal	2020-05-09
1	bayerisch	2020-04-16
1	bayerisch	2020-04-28
1	beabsichtigt	2020-05-24
1	bedeutsam	2020-04-17
1	bedingt	2020-03-24
1	beendet	2020-04-16
1	befragt	2020-03-31
2	befürchtet	2020-03-21
1	befürchtet	2020-04-17
1	begeistert	2020-03-24
1	beginnend	2020-03-31
1	begrenzt	2020-03-11
1	begrenzt	2020-04-06
1	begrenzt	2020-04-27
1	beherrschbar	2020-04-23
1	behutsam	2020-04-14
2	behutsam	2020-04-23
1	behördlich	2020-03-26
1	behördlich	2020-04-03
2	beispiellos	2020-03-25
1	bekannt	2020-03-16
1	bekannt	2020-04-12
1	bekannt	2020-04-14
1	bekannt	2020-04-16
1	belastet	2020-03-21
2	belastet	2020-04-24
1	belegt	2020-03-17
1	beliebt	2020-05-16
1	bereit	2020-04-07
1	bereit	2020-04-30
1	bereitwillig	2020-04-14
1	beschließen	2020-04-13
1	beschließen	2020-05-06
1	besehen	2020-04-24
1	besondere	2020-03-23
1	besorgt	2020-04-20
1	bestechend	2020-05-09
1	bestehend	2020-04-23
1	bestimmt	2020-04-15
1	bestimmt	2020-05-04
1	bestätigt	2020-03-24
1	betrachtet	2020-03-26
1	betreffend	2020-03-28
1	betroffen	2019-01-03
1	betroffen	2019-01-04
1	betroffen	2020-03-24
1	betroffen	2020-04-15
1	betroffen	2020-04-18
2	betroffen	2020-04-29
2	betroffen	2020-05-05
1	betroffen	2020-05-06
1	betroffen	2020-05-07
2	betroffen	2020-05-14
1	betroffen	2020-05-23
1	bevölkerungsreich	2020-04-16
1	bewaffnet	2020-05-06
1	bewaffnet	2020-05-07
1	bewußt	2020-04-09
1	bewußt	2020-04-17
1	bezeichnet	2020-04-10
1	bisherig	2020-04-18
1	bisherig	2020-05-14
1	bleibend	2020-04-07
1	blind	2020-04-07
1	blindwütig	2020-03-20
1	blitzsauber	2020-05-22
1	brauchbar	2020-04-28
1	brav	2020-05-12
1	breit	2020-03-17
1	breit	2020-04-25
1	britisch	2020-05-06
1	britisch	2020-05-20
1	brutal	2020-04-08
1	buchstäblich	2020-05-07
2	bundeseinheitlich	2020-03-27
1	bundesweit	2020-03-21
1	bundesweit	2020-04-09
1	bundesweit	2020-04-16
2	bundesweit	2020-05-16
1	bunt	2020-05-13
2	bösartig	2020-04-28
1	calvinistisch	2020-04-21
1	chinesisch	2020-02-21
2	chinesisch	2020-03-24
1	chinesisch	2020-04-01
1	chinesisch	2020-04-16
1	christlich	2020-04-21
1	chronisch	2020-04-06
1	cooldown	2020-03-12
1	corona-bedingt	2020-03-27
1	corona-bedingt	2020-04-12
1	corona-bedingt	2020-05-13
1	coronavirus-bedingt	2020-04-28
1	coronavirus-bedingt	2020-05-01
1	covid19	2020-03-19
1	crackdown	2020-03-19
2	damalig	2019-01-12
1	dauerhaft	2020-02-21
2	dauerhaft	2020-03-17
1	dauerhaft	2020-03-24
1	dauerhaft	2020-04-15
1	dauerhaft	2020-04-17
1	dauerhaft	2020-06-15
1	definitiv	2020-03-14
1	defizitär	2020-04-30
1	degenhart	2020-04-10
2	demokratisch	2019-01-12
1	demokratisch	2020-03-16
1	demokratisch	2020-05-23
1	derartig	2020-04-08
1	derzeitig	2020-04-04
1	derzeitig	2020-04-12
1	derzeitig	2020-04-14
1	derzeitig	2020-04-22
1	derzeitig	2020-05-20
1	derzeitig	2020-06-10
1	desaströs	2020-04-16
1	deutlich	2020-03-18
1	deutlich	2020-03-28
1	deutlich	2020-04-01
1	deutlich	2020-04-05
1	deutlich	2020-04-08
1	deutlich	2020-04-21
1	deutlich	2020-04-23
1	deutlich	2020-05-02
1	deutlich	2020-05-04
2	deutlich	2020-05-12
1	deutlich	2020-05-13
2	deutlich	2020-05-14
1	deutlich	2020-05-15
1	deutsch	2020-03-22
1	deutsch	2020-03-24
1	deutsch	2020-03-26
1	deutsch	2020-03-30
1	deutsch	2020-04-04
1	deutsch	2020-04-07
1	deutsch	2020-04-11
2	deutsch	2020-04-16
1	deutsch	2020-04-17
2	deutsch	2020-04-20
1	deutsch	2020-04-26
1	deutsch	2020-04-28
1	deutsch	2020-04-30
1	deutsch	2020-05-03
1	deutsch	2020-05-04
6	deutsch	2020-05-05
1	deutsch	2020-05-12
1	deutsch	2020-05-13
1	deutsch	2020-05-14
1	deutsch	2020-05-22
1	deutsch	2020-06-15
3	deutschlandweit	2020-03-21
1	deutschlandweit	2020-03-22
3	deutschlandweit	2020-03-27
1	deutschlandweit	2020-04-01
1	deutschlandweit	2020-04-06
1	dicht	2020-04-23
1	dicht	2020-05-11
1	dick	2020-04-01
1	diesjährig	2020-04-25
1	differenziert	2020-03-24
1	digital	2020-05-25
1	direkt	2020-04-01
1	direkt	2020-04-06
1	direkt	2020-04-30
1	direkt	2020-05-01
2	direkt	2020-05-05
1	diskussionslos	2020-03-26
1	doppelt	2020-03-28
1	doppelt	2020-04-11
1	drakonisch	2020-04-16
2	drakonisch	2020-05-02
1	drakonisch	2020-06-04
1	dramatisch	2020-03-26
1	dramatisch	2020-04-15
1	dramatisch	2020-05-02
1	drastisch	2020-03-16
1	drastisch	2020-03-19
2	drastisch	2020-03-23
1	drastisch	2020-04-13
1	drastisch	2020-04-16
2	drastisch	2020-04-23
1	dreimonatig	2020-04-17
1	dreiwocheig	2020-03-24
1	dringend	2020-05-06
1	dringlich	2020-03-30
1	dritt	2020-04-01
1	drohend	2020-04-09
1	durchführbar	2020-04-06
1	durchgestehen	2020-03-19
1	durchhaltbar	2020-04-14
1	durchsetzbar	2020-04-28
1	dynamisch	2020-04-06
1	dünn	2020-03-11
1	düster	2020-04-16
2	echt	2020-03-22
1	echt	2020-04-08
1	effektiv	2020-03-11
1	effektiv	2020-04-13
2	effektiv	2020-04-20
1	ehest	2020-04-04
1	ehrlich	2020-04-23
1	eigen	2020-03-22
1	eigen	2020-04-04
1	eigen	2020-04-09
2	eigen	2020-04-11
1	eigen	2020-04-23
1	eigen	2020-04-25
1	eigen	2020-05-01
2	eigen	2020-05-12
1	eigen	2020-05-20
1	eigen	2020-05-24
1	eigenverantwortlich	2020-03-26
1	eindeutig	2020-04-06
1	einfach	2020-03-24
1	eingestuft	2020-04-22
1	eingeweicht	2020-04-03
1	einheitlich	2020-03-16
1	einheitlich	2020-05-05
1	einhellig	2020-04-23
1	einmalig	2020-04-20
1	einmalig	2020-04-24
1	einmonatig	2020-03-23
1	einmonatig	2020-04-04
1	einsam	2020-05-15
1	einschränkend	2020-04-18
1	einseitig	2020-04-13
1	einstig	2020-05-01
1	einzeln	2020-04-01
1	einzeln	2020-05-05
1	einzeln	2020-05-21
1	einzeln	2020-06-15
1	einzelwirtschaftlich	2020-03-30
1	einzig	2020-03-26
1	einzig	2020-04-10
1	einzigartig	2020-03-24
1	ekstatisch	2020-06-08
1	elementar	2020-04-14
1	eminent	2020-05-04
2	empfehlenswert	2020-03-21
1	empfehlenswert	2020-03-22
1	empfehlenswert	2020-03-27
1	empfinden	2020-05-03
1	endgültig	2020-03-30
1	enorm	2020-03-26
2	enorm	2020-04-23
1	enorm	2020-04-28
1	entscheidend	2020-03-31
1	entscheidend	2020-04-23
1	entsprechend	2020-03-26
2	entsprechend	2020-04-06
2	entsprechend	2020-04-23
1	entsprechend	2020-04-30
1	entsprechend	2020-05-15
1	entsprechend	2020-05-25
1	entstehend	2020-04-13
1	entstehend	2020-04-14
1	entwickelnd	2020-03-30
1	epidemiologisch	2020-03-24
1	epidemiologisch	2020-04-28
1	erfolgreich	2020-03-17
3	erfolgreich	2020-04-17
1	erfolgreich	2020-05-27
1	erfolgt	2020-03-21
1	erfreulich	2020-04-27
1	erheblich	2020-04-04
1	erheblich	2020-04-06
1	erheblich	2020-04-07
1	erheblich	2020-04-10
1	erheblich	2020-04-14
1	erheblich	2020-04-19
1	erhofft	2020-05-22
1	erhöht	2020-04-04
1	erkennbar	2020-05-10
1	erkrankt	2020-04-01
1	erlebt	2020-05-29
1	erlebt	2020-06-10
1	erneuerbar	2020-04-28
1	erneut	2020-04-16
2	erneut	2020-04-17
1	erneut	2020-04-18
1	erneut	2020-04-20
1	erneut	2020-04-23
1	erneut	2020-04-28
1	erneut	2020-05-06
1	erneut	2020-05-12
1	erneut	2020-05-13
2	erneut	2020-05-14
1	erneut	2020-05-16
1	ernst	2020-04-01
1	ernsthaft	2020-04-10
3	ernsthaft	2020-04-23
1	erschreckend	2020-03-19
1	erst	2020-03-23
1	erst	2020-03-28
3	erst	2020-03-30
2	erst	2020-04-01
2	erst	2020-04-03
2	erst	2020-04-06
1	erst	2020-04-10
1	erst	2020-04-16
2	erst	2020-04-17
1	erst	2020-04-18
1	erst	2020-04-19
1	erst	2020-04-20
1	erst	2020-04-25
1	erst	2020-04-26
2	erst	2020-05-01
1	erst	2020-05-16
1	erst	2020-05-18
1	erst	2020-06-15
1	erstaunlich	2020-04-20
1	erträglich	2020-04-23
1	erträglich	2020-04-27
1	erwartend	2020-04-06
1	erzwingen	2020-03-26
1	ethisch	2020-04-30
1	ethnisch	2020-06-12
2	etwaig	2019-01-12
1	eu-weit	2020-03-24
1	euphemisierte	2020-04-20
1	europäisch	2020-04-01
1	europäisch	2020-04-17
1	europäisch	2020-04-27
1	europäisch	2020-05-16
2	ewig	2020-03-27
1	ewig	2020-03-28
1	ewiggestrig	2020-04-04
1	existentiell	2020-04-25
1	existenzgefährdend	2020-03-15
1	existenzgefährdend	2020-03-24
1	existenziell	2020-03-19
1	existenziell	2020-04-01
1	existenziell	2020-05-29
1	exorbitant	2020-03-28
1	explosionsartig	2020-04-08
1	explosiv	2020-03-23
2	exponentiell	2020-04-25
1	exportorientiert	2020-04-11
1	extern	2020-05-13
1	extrem	2020-03-17
1	extrem	2020-03-31
1	extrem	2020-04-08
1	extrem	2020-04-10
1	extrem	2020-04-16
1	fair	2020-04-23
1	faktisch	2020-04-01
1	faktisch	2020-04-02
1	faktisch	2020-04-20
1	faktisch	2020-05-01
2	faktisch	2020-05-16
1	fallend	2020-04-20
1	falsch	2020-04-01
1	falsch	2020-04-05
1	falsch	2020-05-16
1	farbig	2020-05-13
1	fehlernährungsbedingt	2020-05-21
1	fiebrig	2020-04-22
1	final	2020-03-12
1	finanziell	2020-03-26
1	finanziell	2020-03-30
2	finanziell	2020-04-03
1	finanziell	2020-04-13
1	finanziell	2020-04-23
1	finanziell	2020-04-30
1	finanziell	2020-05-01
1	finanzpolitisch	2020-05-11
1	flexibel	2020-04-03
1	flächendeckend	2020-04-06
1	flächendeckend	2020-05-12
1	folgend	2020-04-04
1	folgend	2020-04-18
1	folgend	2020-04-21
1	folgend	2020-05-16
1	fortgesetzt	2020-04-02
1	fortgesetzt	2020-04-07
1	fragil	2020-04-05
1	frei	2020-03-18
1	frei	2020-04-06
1	frei	2020-04-17
1	frei	2020-05-07
1	freiwillig	2020-04-14
1	fremd	2020-03-19
1	friktionslos	2020-04-04
2	früh	2020-03-25
1	früh	2020-04-05
1	früh	2020-04-08
1	früh	2020-04-09
1	früh	2020-04-22
1	früh	2020-04-23
1	früh	2020-04-25
1	früh	2020-05-01
1	frühkindlich	2020-04-02
1	frühzeitig	2020-05-16
1	funktionierend	2020-04-06
1	funktionsfähig	2020-04-05
1	furchtbar	2020-05-25
2	fünfwocheig	2020-04-08
1	fünfwocheig	2020-06-04
1	ganz	2020-03-15
1	ganz	2020-03-24
2	ganz	2020-03-25
1	ganz	2020-03-31
1	ganz	2020-04-01
1	ganz	2020-04-13
1	ganz	2020-04-17
1	ganz	2020-04-20
2	ganz	2020-04-22
1	ganz	2020-04-27
1	ganz	2020-04-28
1	ganz	2020-05-14
1	ganz	2020-05-20
1	ganz	2020-05-25
1	ganz	2020-06-15
1	gefährdet	2020-04-03
1	gefährlich	2020-04-14
1	gefährlich	2020-04-25
1	gegenseitig	2020-04-22
1	gegenwärtig	2020-03-25
1	gegenwärtig	2020-04-02
1	gegenwärtig	2020-04-04
1	gegenwärtig	2020-04-08
1	gegenwärtig	2020-04-14
1	gegenwärtig	2020-04-24
1	gegenwärtig	2020-04-30
1	gegenwärtig	2020-05-03
1	gegenwärtig	2020-05-13
1	geheim	2020-05-07
1	gehend	2020-04-06
1	gehörig	2020-04-20
1	geiz-ist-geil	2020-03-11
1	gelind	2020-05-12
1	geltend	2020-04-06
2	geltend	2020-04-22
1	geläufig	2020-05-13
1	gemeinsam	2020-04-16
1	gemeinsam	2020-04-23
1	gemeinsam	2020-05-29
1	gemeinschaftlich	2020-04-23
1	genau	2020-04-01
1	genau	2020-06-09
1	genehmen	2020-04-28
1	genennt	2020-04-02
1	genennt	2020-04-20
2	generell	2020-04-03
1	generell	2020-04-04
1	generell	2020-04-07
1	generell	2020-04-14
1	geordnet	2020-05-27
1	geplant	2020-03-25
1	geprägt	2020-04-21
1	gering	2020-03-30
1	gering	2020-04-01
1	gering	2020-04-04
1	gering	2020-04-15
2	gering	2020-04-26
1	gering	2020-05-14
1	gesammelt	2020-04-22
3	gesamt	2020-03-19
2	gesamt	2020-03-21
1	gesamt	2020-04-01
1	gesamt	2020-04-15
1	gesamt	2020-04-16
1	gesamt	2020-05-16
1	gesamt	2020-05-20
1	gesamt	2020-05-21
1	gesamtwirtschaftlich	2020-03-24
1	gesamtwirtschaftlich	2020-04-04
1	gesamtwirtschaftlich	2020-04-08
1	gescheitert	2020-04-21
1	geschließen	2020-05-12
1	geschätzt	2020-04-15
3	gesellschaftlich	2020-03-24
1	gesellschaftlich	2020-03-26
2	gesellschaftlich	2020-03-27
1	gesellschaftlich	2020-03-28
1	gesellschaftlich	2020-04-03
2	gesellschaftlich	2020-04-06
1	gesellschaftlich	2020-04-10
2	gesellschaftlich	2020-04-21
1	gesellschaftlich	2020-04-22
1	gesellschaftlich	2020-04-24
1	gesellschaftlich	2020-04-28
1	gesellschaftlich	2020-05-04
1	gesellschaftlich	2020-05-16
1	gesellschaftlich	2020-05-27
1	gesellschaftlich	2020-06-15
1	gestaffelt	2020-04-03
1	gestartet	2020-04-30
1	gestellt	2020-05-01
1	gestört	2020-05-12
1	gesund	2020-04-06
1	gesund	2020-05-29
1	gesundheitlich	2020-03-15
1	gesundheitlich	2020-03-23
1	gesundheitlich	2020-03-31
1	gesundheitlich	2020-04-27
1	gesundheitspolitisch	2020-05-27
1	gesundheitspolitisch	2020-06-15
1	gesundheitsökonomisch	2020-04-17
1	getestet	2020-03-24
1	getreffen	2020-04-23
1	getreten	2020-03-21
1	gewaltig	2020-03-13
1	gewaltig	2020-03-25
1	gewalttätig	2020-05-13
2	gewinnen	2020-05-12
1	gewissenhaft	2020-04-06
2	gewiß	2020-04-10
1	gewiß	2020-05-02
1	gewohnt	2020-05-15
1	geworden	2020-04-14
1	gewöhnlich	2020-04-18
1	gleichmäßig	2020-04-23
1	gleichzeitig	2020-04-01
1	gleichzeitig	2020-04-08
1	gleichzeitig	2020-04-10
1	gleichzeitig	2020-04-16
1	glimpflich	2020-04-10
1	global	2020-03-18
1	global	2020-03-22
1	global	2020-04-14
1	global	2020-04-22
2	global	2020-04-23
1	global	2020-04-28
3	global	2020-05-01
2	global	2020-05-02
1	global	2020-05-07
1	gravierend	2020-03-17
1	gravierend	2020-03-28
1	gravierend	2020-03-30
1	gravierend	2020-04-02
1	gravierend	2020-04-14
1	gravierend	2020-05-27
1	grenzeüberschreitend	2020-04-17
1	grob	2020-05-05
1	grossen	2020-03-27
1	grossen	2020-04-04
1	groß	2020-03-14
1	groß	2020-03-16
1	groß	2020-03-30
3	groß	2020-04-02
1	groß	2020-04-04
1	groß	2020-04-05
1	groß	2020-04-06
1	groß	2020-04-07
1	groß	2020-04-10
2	groß	2020-04-11
1	groß	2020-04-14
1	groß	2020-04-15
1	groß	2020-04-23
1	groß	2020-04-26
1	groß	2020-04-28
1	groß	2020-05-04
1	groß	2020-05-11
3	groß	2020-05-14
1	groß	2020-05-18
1	groß	2020-05-19
2	groß	2020-05-25
1	groß	2020-06-08
1	großangelegt	2020-03-26
1	großzügig	2020-03-26
1	großzügig	2020-03-30
1	großzügig	2020-05-25
1	grundlegend	2020-03-26
1	grundsätzlich	2020-03-19
1	gut	2020-03-21
1	gut	2020-03-23
1	gut	2020-03-28
1	gut	2020-04-02
1	gut	2020-04-03
1	gut	2020-04-05
1	gut	2020-04-08
1	gut	2020-04-09
1	gut	2020-04-14
2	gut	2020-04-15
1	gut	2020-04-16
1	gut	2020-04-17
1	gut	2020-04-21
2	gut	2020-04-22
2	gut	2020-04-23
2	gut	2020-04-24
1	gut	2020-04-27
1	gut	2020-04-28
2	gut	2020-04-30
1	gut	2020-05-01
1	gut	2020-05-06
2	gut	2020-05-08
1	gut	2020-05-13
1	gut	2020-05-23
1	gänzlich	2020-04-10
1	gänzlich	2020-04-13
1	günstig	2020-03-23
1	günstig	2020-04-17
1	halbherzig	2020-04-03
1	handverlesen	2020-04-23
1	harsch	2020-04-02
1	hart	2020-03-19
1	hart	2020-03-24
1	hart	2020-04-03
1	hart	2020-04-10
1	hart	2020-04-13
1	hart	2020-04-15
1	hart	2020-04-16
1	hart	2020-05-14
1	heftig	2020-03-31
1	heftig	2020-05-12
1	heimisch	2020-04-03
1	heiß	2020-04-03
1	hektisch	2020-05-13
1	herbeigeführt	2020-04-12
1	herbeigeführt	2020-04-21
1	herkömmlich	2020-03-19
1	hiesig	2020-05-10
1	historisch	2020-03-15
1	historisch	2020-03-24
1	historisch	2020-04-10
1	historisch	2020-04-20
1	historisch	2020-04-24
1	hoch	2020-03-19
1	hoch	2020-03-20
1	hoch	2020-03-23
1	hoch	2020-03-27
1	hoch	2020-03-28
1	hoch	2020-03-30
1	hoch	2020-03-31
2	hoch	2020-04-02
1	hoch	2020-04-06
1	hoch	2020-04-28
1	hoch	2020-05-11
1	hoch	2020-05-14
1	hoch	2020-05-25
1	hochgerechnet	2020-04-13
1	humanitär	2020-03-27
1	hunderttausend	2019-01-02
1	häufig	2020-04-16
1	häufig	2020-05-21
1	häuslich	2020-03-27
1	häuslich	2020-05-02
1	immeunitätsauseweise	2020-05-16
1	indirekt	2020-04-06
3	indirekt	2020-05-04
1	indirekt	2020-05-16
1	individuell	2020-04-20
1	individuell	2020-05-06
1	individuell	2020-05-19
1	induziert	2020-04-13
1	inflationär	2020-04-03
1	inreparabel	2020-04-25
4	intensiv	2020-04-06
1	intensiv	2020-05-25
1	interessant	2020-04-18
1	international	2020-03-24
1	international	2020-04-20
1	international	2020-05-08
1	international	2020-05-27
1	international	2020-06-15
1	isoliert	2020-03-11
2	israelisch	2020-04-29
2	italienisch	2020-03-25
1	italienisch	2020-04-24
1	italienisch	2020-05-13
1	italienisch	2020-05-14
1	jenaer	2020-03-24
1	jetzig	2020-03-22
1	jetzig	2020-03-27
1	jetzig	2020-04-16
1	jetzig	2020-04-28
1	jetzig	2020-06-04
1	jung	2020-04-05
1	jung	2020-04-07
1	jung	2020-04-12
1	kaltschnäuzig	2020-03-25
1	katastrophal	2020-05-29
1	kategorisch	2020-04-13
1	kategorisch	2020-05-11
1	katholisch	2020-04-21
2	kenntlich	2020-03-19
1	kerngesund	2020-03-19
2	klar	2020-03-19
2	klar	2020-03-23
1	klar	2020-04-17
1	klar	2020-04-24
2	klar	2020-05-02
1	klaustrophobisch	2020-04-24
2	klein	2020-03-25
1	klein	2020-04-01
1	klein	2020-04-14
1	klein	2020-04-15
4	klein	2020-04-23
1	klein	2020-04-25
1	klein	2020-04-27
1	klein	2020-05-05
1	klein	2020-05-27
1	klimaschädlich	2020-03-23
1	klipp	2020-03-23
1	klug	2020-03-23
1	klug	2020-04-13
1	kläglich	2020-04-07
1	knapp	2020-04-15
1	kohlenstoffarm	2020-04-28
1	kollabierend	2020-05-20
1	kollabierend	2020-06-10
1	kollektiv	2020-03-26
1	kollektiv	2020-04-08
1	kolonialisiert	2020-05-01
1	kommend	2020-04-01
1	kommend	2020-04-14
1	kommend	2020-05-09
1	komplett	2020-03-11
1	komplett	2020-03-15
1	komplett	2020-03-16
1	komplett	2020-03-19
2	komplett	2020-03-20
3	komplett	2020-03-22
1	komplett	2020-03-24
1	komplett	2020-03-27
1	komplett	2020-03-28
1	komplett	2020-04-01
1	komplett	2020-04-05
2	komplett	2020-04-13
1	komplett	2020-04-20
1	komplett	2020-04-28
1	komplett	2020-05-08
2	komplett	2020-05-12
1	komplett	2020-05-27
1	komplex	2020-04-21
1	kompliziert	2020-03-25
1	kompliziert	2020-04-28
1	konkret	2020-03-19
1	konkret	2020-03-26
1	konkret	2020-04-28
2	konsequent	2020-03-21
1	konsequent	2020-03-22
1	konsequent	2020-03-27
1	konsequent	2020-04-06
1	konsequent	2020-04-23
1	konsistent	2020-04-01
1	konstruktiv	2020-03-23
1	kontraproduktiv	2020-03-26
1	kontrollierbar	2020-03-11
2	kontrolliert	2020-04-03
1	korrekt	2020-04-20
1	krank	2020-04-06
1	krank	2020-04-28
2	kreativ	2020-04-03
1	kritisch	2020-04-20
1	kritisch	2020-04-25
1	kritisch	2020-05-21
1	kräftig	2020-05-27
1	kulturell	2020-03-13
1	kulturell	2020-03-24
1	kulturell	2020-04-03
1	kulturell	2020-04-22
1	kulturell	2020-05-14
1	kurz	2019-01-02
1	kurz	2019-01-03
1	kurz	2020-03-16
1	kurz	2020-03-17
1	kurz	2020-03-19
1	kurz	2020-03-21
1	kurz	2020-03-23
1	kurz	2020-03-26
1	kurz	2020-03-28
2	kurz	2020-04-03
1	kurz	2020-04-04
1	kurz	2020-04-05
2	kurz	2020-04-08
1	kurz	2020-04-13
1	kurz	2020-04-14
1	kurz	2020-04-16
1	kurz	2020-04-24
1	kurz	2020-04-25
2	kurz	2020-04-27
1	kurz	2020-04-28
2	kurz	2020-04-29
1	kurz	2020-05-01
1	kurz	2020-06-04
1	kurz	2020-06-13
1	kurzfristig	2020-03-26
2	kurzfristig	2020-04-04
1	kurzfristig	2020-04-07
1	kurzfristig	2020-04-10
1	kurzfristig	2020-04-30
1	kurzfristig	2020-06-15
1	kämpfend	2020-04-15
1	kühl	2020-04-07
1	künftig	2020-04-27
2	künftig	2020-05-16
1	künstlerisch	2020-04-03
1	landesweit	2020-04-01
1	landesweit	2020-04-12
2	lang	2019-01-12
1	lang	2020-02-21
1	lang	2020-03-11
1	lang	2020-03-18
1	lang	2020-03-21
5	lang	2020-03-24
7	lang	2020-03-26
2	lang	2020-03-30
1	lang	2020-03-31
4	lang	2020-04-01
1	lang	2020-04-02
1	lang	2020-04-05
2	lang	2020-04-06
4	lang	2020-04-08
1	lang	2020-04-10
1	lang	2020-04-12
2	lang	2020-04-14
1	lang	2020-04-15
1	lang	2020-04-20
2	lang	2020-04-23
1	lang	2020-04-25
2	lang	2020-04-28
1	lang	2020-04-30
1	lang	2020-05-02
1	lang	2020-05-14
1	lang	2020-05-16
1	lang	2020-05-27
2	lang	2020-06-15
1	langanhaltend	2020-04-04
1	langfristig	2020-03-26
1	langfristig	2020-03-28
1	langfristig	2020-03-31
1	langfristig	2020-04-03
1	langfristig	2020-04-04
1	langfristig	2020-04-07
1	langfristig	2020-04-22
1	langfristig	2020-04-28
1	langfristig	2020-04-30
1	langfristig	2020-05-23
2	langsam	2020-04-15
1	langsam	2020-04-22
1	langsam	2020-04-23
1	langsam	2020-04-28
1	langsam	2020-05-17
1	langsam	2020-05-22
1	langsam	2020-05-23
1	langsam	2020-06-11
1	langwierig	2020-03-26
1	laufend	2020-04-15
1	laufend	2020-05-18
1	laufend	2020-05-27
1	laut	2020-05-25
2	lauter	2020-04-15
1	lauter	2020-04-17
1	lebensnotwendig	2020-03-27
1	lebensnotwendig	2020-04-22
1	leicht	2020-03-24
1	leicht	2020-04-04
1	leicht	2020-04-11
1	leicht	2020-04-16
1	leicht	2020-04-20
1	leitend	2020-04-14
1	letzte	2020-03-24
2	letzte	2020-03-28
1	letzte	2020-04-03
1	letzte	2020-04-06
1	letzte	2020-04-07
1	letzte	2020-04-14
1	letzte	2020-04-16
1	letzte	2020-05-27
1	letzte	2020-06-09
1	liberal	2020-05-23
1	liberal-freiheitlich	2020-05-11
1	lieb	2020-03-28
1	lieferbar	2020-03-26
1	liegend	2020-04-01
1	lockdown	2020-03-19
1	lockdown	2020-03-25
1	lockdown	2020-03-31
1	lockdown	2020-04-08
1	lockdown	2020-04-14
2	lockdown	2020-04-16
1	lockdown	2020-04-19
1	lockdown	2020-04-20
1	lockdown	2020-04-27
2	lockdown	2020-04-28
3	lockdown	2020-05-01
1	lockdown	2020-05-04
1	lockdown	2020-05-07
3	lockdown	2020-05-09
1	lockdown	2020-05-13
1	lockdown	2020-05-18
1	lockdown	2020-05-27
1	lockdown	2020-06-15
1	locker	2020-04-01
1	locker	2020-04-10
1	logisch	2020-04-06
1	lokal	2020-03-28
1	lokal	2020-04-10
1	lokal	2020-04-20
1	lokal	2020-06-15
1	lutherisch	2020-04-21
1	lästig	2020-05-21
1	mangelhaft	2020-03-11
2	marginal	2020-04-09
1	massenhaft	2020-03-11
1	massiv	2020-03-24
1	massiv	2020-03-26
1	massiv	2020-04-16
1	massiv	2020-04-22
1	massiv	2020-05-04
1	massiv	2020-05-06
2	massiv	2020-05-12
1	massiv	2020-05-27
1	massiv	2020-06-15
1	maximal	2020-04-02
1	mechanistisch	2020-04-04
1	medienwirksam	2020-04-18
1	medizinisch	2020-03-16
1	medizinisch	2020-03-26
1	medizinisch	2020-04-04
2	medizinisch	2020-04-06
1	medizinisch	2020-04-20
2	medizinisch	2020-05-01
1	medizinisch	2020-05-27
1	medizinisch-therapeutisch	2020-06-04
1	mehrfach	2020-04-08
1	mehrwöchig	2020-04-15
1	menschlich	2020-03-15
1	menschlich	2020-03-28
1	merkelsch	2020-05-08
1	milliardenschwer	2020-05-21
1	milliardenschwer	2020-05-25
1	milliardenschwer	2020-05-27
1	mitangeregten	2020-04-30
1	mittelfristig	2020-04-05
1	mittelfristig	2020-04-23
1	mittelständisch	2020-04-14
1	mißlich	2020-04-10
1	modern	2020-04-28
1	momentan	2020-04-04
1	momentan	2020-04-30
1	monatelang	2020-03-29
3	monatelang	2020-03-31
2	monatelang	2020-04-02
1	monatelang	2020-04-08
1	monatelang	2020-04-12
1	monatelang	2020-05-26
1	monatelang	2020-06-15
2	monetär	2020-04-04
1	monetär	2020-04-23
1	moralisch	2020-03-26
1	moralisch	2020-04-13
1	moskauer	2020-03-18
1	mundschutztragend	2020-04-06
1	mutmaßlich	2020-04-15
1	mutmaßlich	2020-04-16
1	möglich	2020-02-21
1	möglich	2020-03-18
2	möglich	2020-03-19
1	möglich	2020-03-24
1	möglich	2020-03-26
1	möglich	2020-04-04
1	möglich	2020-04-05
1	möglich	2020-04-06
2	möglich	2020-04-13
1	möglich	2020-04-15
2	möglich	2020-04-17
1	möglich	2020-04-23
1	möglich	2020-05-06
1	möglich	2020-05-12
1	möglich	2020-05-26
1	möglich	2020-05-27
2	möglich	2020-06-15
1	mühsam	2020-04-20
1	münchner	2020-03-23
1	münchner	2020-03-26
2	münchner	2020-04-02
1	münchner	2020-04-17
1	nach-revolutionären	2020-05-01
1	nachfolgend	2020-05-09
1	nachhaltig	2020-03-19
1	nachlesbar	2020-04-20
1	nachlässig	2020-04-28
1	nachverfolgbar	2020-04-05
1	nachvollziehbar	2020-04-10
1	nachvollziehbar	2020-04-15
1	nachweislich	2020-03-26
1	nah	2020-04-15
1	national	2020-03-14
2	national	2020-03-21
2	national	2020-03-27
1	national	2020-04-02
1	national	2020-04-03
1	national	2020-04-15
1	national	2020-05-05
1	national	2020-05-09
1	national	2020-05-11
1	national	2020-05-27
1	natürlich	2020-04-04
1	negativ	2020-04-01
1	negativ	2020-04-07
1	negativ	2020-04-10
1	negativ	2020-04-23
1	neoliberal	2020-04-04
1	neu	2020-03-26
1	neu	2020-03-27
1	neu	2020-03-28
1	neu	2020-03-31
2	neu	2020-04-01
1	neu	2020-04-02
1	neu	2020-04-04
1	neu	2020-04-05
1	neu	2020-04-14
1	neu	2020-04-17
2	neu	2020-04-20
1	neu	2020-04-21
1	neu	2020-04-24
3	neu	2020-04-27
1	neu	2020-05-11
1	neu	2020-05-25
1	neuerlich	2020-04-23
1	neuerlich	2020-05-12
1	neuerlich	2020-05-25
1	nichtebehandelt	2020-04-25
1	nichtöffentlich	2020-03-21
1	niedrig	2020-03-23
1	niedrig	2020-04-01
1	niedrig	2020-04-06
1	niedrig	2020-05-16
1	normal	2020-04-03
1	normal	2020-05-11
1	normal	2020-05-14
1	notwendig	2020-03-26
1	notwendig	2020-03-28
1	notwendig	2020-04-06
1	notwendig	2020-04-20
1	notwendig	2020-04-29
1	nächst	2020-03-16
2	nächst	2020-04-01
5	nächst	2020-04-23
2	nächst	2020-04-28
1	nächst	2020-05-08
1	nächst	2020-05-14
1	nächst	2020-05-20
1	nächst	2020-05-25
1	nötig	2020-03-16
1	nötig	2020-04-16
1	o.g.	2020-04-13
1	ober	2020-03-12
1	obsolet	2020-04-06
1	obsolet	2020-04-27
1	offen	2020-03-27
1	offen	2020-03-28
1	offen	2020-04-01
1	offen	2020-04-03
1	offen	2020-04-05
1	offen	2020-04-08
2	offen	2020-04-11
1	offen	2020-04-16
1	offen	2020-04-30
1	offenbar	2020-03-24
1	offenbar	2020-04-07
1	offenbar	2020-04-27
1	offenbar	2020-05-25
1	offensichtlich	2020-04-06
1	offiziell	2020-04-17
1	optimistisch	2020-03-28
1	optimistisch	2020-04-17
1	organisch	2020-04-26
1	pandemiebedingt	2020-05-20
2	partiell	2020-03-28
1	partiell	2020-04-10
1	partiell	2020-04-14
1	partiell	2020-04-22
1	pauschal	2020-04-13
1	pauschal	2020-05-05
1	permanent	2020-04-06
1	permanent	2020-04-28
1	persönlich	2020-04-01
1	persönlich	2020-04-09
1	persönlich	2020-04-21
1	physisch	2020-04-04
1	planlos	2020-04-23
1	planvoll	2020-04-23
1	pleite	2020-03-26
1	plötzlich	2020-04-12
1	plötzlich	2020-04-15
1	plötzlich	2020-04-28
2	plötzlich	2020-04-29
1	politisch	2020-03-23
1	politisch	2020-03-27
1	politisch	2020-03-31
1	politisch	2020-04-12
1	politisch	2020-04-16
1	politisch	2020-04-17
1	politisch	2020-04-28
1	politisch	2020-05-02
1	politisch	2020-05-04
1	politisch	2020-05-15
1	polizeilich	2020-04-07
1	populistisch	2020-04-23
1	positiv	2020-04-10
1	positiv	2020-04-19
1	positiv	2020-04-20
1	positiv	2020-04-26
1	positiv	2020-05-04
2	postleitzahlengenau	2020-04-10
1	praktisch	2020-03-26
1	primär	2020-03-12
1	primär	2020-05-05
1	prinzipiell	2020-03-22
2	privat	2020-04-04
1	privat	2020-04-06
1	privat	2020-04-08
1	privat	2020-05-25
1	privilegiert	2020-03-27
1	produktiv	2020-04-13
1	produziert	2020-03-30
1	prolongiert	2020-05-04
1	prominent	2020-03-17
1	prozentig	2020-04-13
1	präpariert	2020-06-08
1	präventiv	2020-04-20
1	präventiv	2020-05-11
1	psychisch	2020-03-27
1	psychisch	2020-04-14
1	psychisch	2020-05-13
1	pur	2020-04-12
1	päpstlich	2020-04-21
1	pünktlich	2020-04-30
1	quantifizierbar	2020-04-20
1	radikal	2020-03-28
1	radikal	2020-04-10
1	radikal	2020-04-30
1	rapide	2020-04-06
1	rasch	2020-03-18
2	rasch	2020-03-27
1	rasch	2020-04-04
1	rasch	2020-04-28
1	rasch	2020-04-30
1	rasend	2020-03-24
1	real	2020-03-26
1	real	2020-04-14
1	real	2020-04-23
1	recht	2020-03-28
1	recht	2020-04-10
1	rechtlich	2020-04-06
1	rechtmäßig	2020-04-06
1	rechtskonservativ	2020-04-16
1	rechtsnationalistisch	2020-04-20
1	regelmäßig	2020-04-10
1	regional	2020-04-27
1	reich	2020-03-26
1	reihenweise	2020-04-30
1	relativ	2020-03-24
1	relativ	2020-05-10
1	relativ	2020-05-11
1	relativ	2020-05-26
1	relativ	2020-06-15
1	restriktiv	2020-03-23
1	resultierend	2020-03-27
1	rheinisch	2020-04-01
1	richtig	2020-03-12
1	richtig	2020-03-16
2	richtig	2020-03-28
1	richtig	2020-04-04
1	richtig	2020-04-06
1	richtig	2020-04-09
1	richtig	2020-04-13
1	richtig	2020-04-15
1	richtig	2020-04-22
1	richtig	2020-04-25
1	richtig	2020-05-17
1	riesig	2020-03-24
1	riesig	2020-04-01
1	rigid	2020-04-29
1	riskant	2020-04-05
1	ruhig	2020-03-18
1	rund	2020-04-01
1	rund	2020-04-02
1	rund	2020-04-04
2	rund	2020-04-06
1	rund	2020-04-12
2	rund	2020-04-17
1	rund	2020-04-20
2	rund	2020-04-27
1	rund	2020-05-02
1	rund	2020-06-15
1	russisch	2020-05-01
1	räudig	2020-03-19
2	räumlich	2020-03-21
1	räumlich	2020-03-22
1	räumlich	2020-03-24
1	räumlich	2020-03-27
1	saarländisch	2020-03-16
1	saisonal	2020-04-10
1	sauber	2020-05-13
1	schade	2020-03-20
1	scharf	2020-04-11
1	scharf	2020-04-20
1	scharf	2020-06-15
1	scheinbar	2020-04-20
1	scheinbar	2020-05-26
1	schlagartig	2020-04-03
1	schlagartig	2020-04-04
1	schlecht	2020-04-24
2	schlecht	2020-05-08
2	schlecht	2020-05-14
1	schlecht	2020-06-15
1	schlimm	2020-04-05
1	schlimm	2020-04-14
2	schlimm	2020-04-18
1	schmerzhaft	2020-03-28
1	schnell	2020-03-21
2	schnell	2020-03-23
1	schnell	2020-03-26
1	schnell	2020-03-28
1	schnell	2020-04-01
1	schnell	2020-04-09
1	schnell	2020-04-13
2	schnell	2020-04-16
1	schnell	2020-04-20
1	schnell	2020-04-23
1	schnell	2020-04-27
1	schnell	2020-04-28
1	schnell	2020-05-05
1	schnell	2020-05-06
1	schnell	2020-05-26
1	schnell	2020-05-27
1	schnell	2020-06-12
1	schnell	2020-06-15
2	schrittweise	2020-03-31
2	schrittweise	2020-04-04
2	schrittweise	2020-04-06
1	schrittweise	2020-04-08
1	schrittweise	2020-04-15
1	schrittweise	2020-04-22
1	schrittweise	2020-04-25
1	schrittweise	2020-05-01
1	schrittweise	2020-06-15
1	schulisch	2020-03-13
1	schwarz	2020-04-03
2	schwer	2020-03-28
1	schwer	2020-03-31
1	schwer	2020-04-01
1	schwer	2020-04-03
1	schwer	2020-04-10
1	schwer	2020-04-27
1	schwer	2020-05-05
1	schwer	2020-05-06
1	schwer	2020-05-09
1	schwer	2020-05-21
3	schwierig	2020-03-31
1	schwierig	2020-04-04
1	schwierig	2020-04-05
1	schwierig	2020-04-06
1	schwierig	2020-04-08
1	schwierig	2020-04-25
1	schädlich	2020-04-23
1	schön	2020-03-19
1	schön	2020-04-27
2	sechsmonatig	2020-04-16
1	selbig	2020-04-02
1	selbstständig	2020-04-23
1	selbstverständlich	2020-04-28
1	selten	2020-03-12
1	selten	2020-04-06
1	seriositätstechnisch	2020-05-09
1	shutdown	2020-06-15
1	sicher	2020-03-24
1	sicher	2020-04-17
1	sicher	2020-04-19
1	sicher	2020-06-04
1	sicher	2020-06-15
1	sinkend	2020-03-23
1	sinnvoll	2020-03-18
2	sinnvoll	2020-04-02
1	sinnvoll	2020-04-08
1	sinnvoll	2020-04-09
1	sinnvoll	2020-04-13
1	sinnvoll	2020-04-17
1	sinnvoll	2020-04-20
1	sinnvoll	2020-05-19
1	sinnvoll	2020-06-15
1	skeptisch	2020-04-05
1	sofortig	2020-03-23
1	sofortig	2020-03-26
1	sofortig	2020-04-11
1	sogenannt	2019-01-02
3	sogenannt	2020-03-16
1	sogenannt	2020-03-17
1	sogenannt	2020-03-18
1	sogenannt	2020-03-21
1	sogenannt	2020-03-24
1	sogenannt	2020-03-27
3	sogenannt	2020-04-09
1	sogenannt	2020-04-19
1	sogenannt	2020-05-09
1	solidarisch	2020-03-19
1	solidarisch	2020-04-10
1	solvent	2020-03-19
1	somatisch	2020-04-14
1	sozial	2020-03-18
1	sozial	2020-03-19
1	sozial	2020-03-22
1	sozial	2020-03-24
3	sozial	2020-03-27
2	sozial	2020-04-14
1	sozial	2020-04-16
1	sozial	2020-04-19
1	sozial	2020-04-22
1	sozial	2020-04-27
1	sozial	2020-04-28
1	sozial	2020-04-29
1	sozial	2020-05-06
1	sozialpolitisch	2020-05-04
1	spanisch	2020-04-13
1	spanisch	2020-05-01
1	spannend	2020-04-20
1	speziell	2020-05-04
1	sprudelnd	2020-04-20
1	spät	2020-03-28
1	spät	2020-04-01
1	spät	2020-04-06
1	spät	2020-04-14
1	spät	2020-04-24
1	spürbar	2020-04-09
1	spürbar	2020-04-19
1	spürbar	2020-04-23
2	staatlich	2020-03-19
1	staatlich	2020-03-21
1	staatlich	2020-04-06
1	staatlich	2020-04-13
1	staatlich	2020-04-14
1	staatlich	2020-04-21
1	staatlich	2020-04-23
1	staatlich	2020-05-20
1	staatseigen	2020-04-01
1	stabilisierend	2020-04-08
1	stark	2020-03-18
1	stark	2020-03-24
1	stark	2020-03-30
1	stark	2020-03-31
1	stark	2020-04-02
1	stark	2020-04-08
1	stark	2020-04-09
1	stark	2020-04-15
1	stark	2020-04-16
1	stark	2020-04-17
1	stark	2020-04-20
1	stark	2020-04-24
1	stark	2020-04-27
1	stark	2020-04-28
1	stark	2020-05-04
1	stark	2020-05-05
1	stark	2020-05-06
1	stark	2020-05-13
1	stark	2020-05-18
1	stark	2020-05-23
1	stark	2020-06-02
1	stark	2020-06-15
1	stationär	2020-03-24
2	stationär	2020-04-06
1	stationär	2020-05-27
1	statistisch	2020-04-05
1	statistisch	2020-04-26
1	statistisch	2020-05-05
1	statistisch	2020-06-15
1	stehend	2020-04-08
1	steigend	2020-04-04
1	steigend	2020-04-08
1	steil	2020-05-16
1	steil	2020-06-04
1	still	2020-04-23
1	stramm	2020-05-25
1	strategisch	2020-03-24
1	strategisch-taktisch	2020-03-19
1	streng	2020-04-08
1	streng	2020-04-14
1	streng	2020-04-23
1	streng	2020-04-27
1	streng	2020-04-30
1	streng	2020-05-15
2	streng	2020-05-16
1	streng	2020-06-04
2	strikt	2020-03-26
1	strikt	2020-04-15
1	strikt	2020-04-27
2	stringent	2020-03-27
1	ständig	2020-03-22
1	subsidiär	2020-04-21
1	synchron	2020-04-05
1	systematisch	2020-04-08
1	systemrelevant	2020-04-20
1	sämtlich	2020-04-28
1	süddeutsch	2020-04-10
1	süddeutsch	2020-05-25
2	tagesaktuell	2020-04-10
1	taiwanisch	2020-05-15
2	tatenlos	2020-05-25
1	tatsächlich	2020-03-18
1	tatsächlich	2020-04-04
1	tatsächlich	2020-04-06
1	tatsächlich	2020-04-10
2	tatsächlich	2020-04-18
1	tatsächlich	2020-04-20
1	tatsächlich	2020-04-23
1	tatsächlich	2020-05-20
1	tausend	2020-04-14
1	technisch	2020-04-24
1	teilweise	2020-05-09
3	temporär	2020-03-21
3	temporär	2020-03-27
1	tertiär	2020-03-23
1	teuer	2020-03-26
1	teuer	2020-03-28
1	teuer	2020-03-31
1	teuer	2020-04-01
1	tief	2020-03-24
2	tief	2020-03-26
1	tief	2020-04-15
1	tief	2020-04-16
1	tief	2020-05-15
1	tiroler	2020-05-04
1	titlis	2020-03-27
1	tot	2020-03-19
1	tot	2020-04-01
1	total	2020-03-16
1	total	2020-03-18
2	total	2020-03-20
1	total	2020-03-28
1	total	2020-03-31
1	total	2020-04-03
1	total	2020-04-09
4	total	2020-04-10
1	total	2020-04-23
1	total	2020-04-24
1	total	2020-04-25
2	total	2020-04-29
1	total	2020-05-05
1	tragfähig	2020-04-18
1	transparent	2020-04-15
1	traumhaft	2020-06-08
1	trist	2020-03-21
1	trocken	2020-02-20
1	tätig	2020-03-31
1	tödlich	2020-03-12
1	tödlich	2020-03-25
1	töricht	2020-04-08
1	tübinger	2020-04-06
1	umfangreich	2020-04-01
1	umfangreich	2020-04-06
1	umfangreich	2020-04-13
1	umfaßend	2020-03-20
1	umfaßend	2020-03-24
2	umfaßend	2020-03-28
1	umfaßend	2020-05-17
2	unabhängig	2020-03-22
1	unabhängig	2020-04-27
1	unabsehbar	2020-04-14
1	unabsehbar	2020-04-16
1	unabsehbar	2020-04-17
2	unabsehbar	2020-05-14
1	unaufhörlich	2020-05-03
2	unausgefüllt	2020-04-29
1	unbefristet	2020-04-10
2	unbegrenzt	2020-04-11
1	unbegrenzt	2020-05-21
1	unbekannt	2020-04-14
1	unbekannt	2020-05-22
1	undemokratisch	2020-05-01
1	undurchdenkt	2020-03-20
1	unentbehrlich	2020-06-09
3	unerläßlich	2020-05-09
1	unerläßlich	2020-05-29
1	unermüdlich	2020-05-25
1	ungefähr	2020-03-28
1	ungefähr	2020-04-13
1	ungefähr	2020-04-25
1	ungefähr	2020-05-25
1	ungefährlich	2020-04-13
1	ungeheuer	2020-04-23
1	ungeklärt	2020-04-10
1	ungeschickt	2020-04-15
1	ungesund	2020-05-02
1	ungewöhnlich	2020-05-13
1	unkompliziert	2020-03-19
1	unmittelbar	2020-04-04
1	unmittelbar	2020-04-30
1	unmittelbar	2020-05-12
1	unmöglich	2020-04-20
1	unmöglich	2020-05-05
1	unnötig	2020-03-26
1	unnötig	2020-04-06
1	unrealistisch	2020-05-08
1	unsicher	2020-03-15
1	unsichtbar	2020-04-20
1	untergewichtet	2020-04-09
1	unterschiedlich	2020-03-16
1	unterschiedlich	2020-03-19
1	unterschiedlich	2020-03-26
1	unterschiedlich	2020-04-17
1	unterschiedlich	2020-04-25
1	unterschiedlich	2020-04-28
1	unterschiedlich	2020-05-15
1	unterstellt	2020-04-13
1	unumgänglich	2020-03-19
1	unverhältnismäßig	2020-05-25
2	unvermeidlich	2020-04-20
1	unvermeidlich	2020-04-24
1	unvermeidlich	2020-04-27
1	unvermeidlich	2020-05-09
1	unvorstellbar	2020-04-29
1	unwillkommen	2020-04-15
1	unzureichend	2020-04-10
1	unzählig	2020-04-06
1	unübersehbar	2020-05-24
1	unübersichtlich	2020-04-22
1	verantwortbar	2020-05-27
1	verantwortlich	2020-05-05
1	verbandelt	2020-05-04
1	verbinden	2020-05-10
1	verbreitet	2020-04-16
1	verbreitet	2020-05-05
1	vereinigt	2020-04-01
1	vereint	2020-04-30
1	vereinzelt	2020-04-09
1	vereitelt	2020-05-14
1	verfassungsrechtlich	2020-04-14
1	verfassungswidrig	2020-04-07
1	verfassungswidrig	2020-04-08
1	verfassungswidrig	2020-04-11
1	verfassungswidrig	2020-04-15
1	verfehlt	2020-05-16
1	verfügbar	2020-04-28
1	verfügt	2020-03-26
1	vergangen	2020-03-21
1	vergangen	2020-04-02
1	vergangen	2020-04-16
1	vergangen	2020-04-23
1	vergangen	2020-04-27
1	vergangen	2020-05-09
1	vergangen	2020-05-13
2	vergangen	2020-05-24
1	vergleichbar	2020-04-06
1	verhaßt	2020-04-15
1	verheerend	2020-04-10
2	verheerend	2020-05-09
1	verheerend	2020-05-21
1	verhältnismäßig	2020-05-16
1	verhältnismäßig	2020-06-15
2	verhängt	2020-05-19
1	verhängt	2020-05-20
1	verhängt	2020-05-22
1	verkleinert	2020-04-23
1	verlaßen	2020-04-10
2	verloren	2020-04-25
1	verlängert	2020-04-17
1	vermeiden	2020-04-17
1	vermutlich	2020-04-13
1	vernetzt	2020-03-21
1	vernünftig	2020-04-06
1	verordnet	2020-03-24
1	verordnet	2020-03-27
1	verordnet	2020-04-03
1	verordnet	2020-04-17
1	verordnet	2020-04-30
1	verordnet	2020-05-18
2	verpflichtend	2020-05-13
1	verrückt	2020-04-13
1	verschieden	2020-03-19
1	verschieden	2020-03-27
1	verschieden	2020-03-28
1	verschieden	2020-04-13
1	verstärkend	2020-03-26
1	verstärkt	2020-04-07
1	verstärkt	2020-04-30
1	verursacht	2020-05-02
2	verwendet	2020-04-24
1	verzweifelt	2020-03-31
1	veröffentlicht	2020-03-24
1	veröffentlicht	2020-06-10
1	viert	2020-03-13
1	virtuell	2020-04-30
1	virtuell	2020-06-10
1	vital	2020-04-16
1	volkswirtschaftlich	2020-04-02
1	volkswirtschaftlich	2020-04-06
1	voll	2020-03-27
1	voll	2020-04-12
1	voll	2020-04-13
1	voll	2020-04-20
1	voll	2020-05-01
1	voll	2020-05-21
1	voll	2020-06-09
1	vollständig	2020-03-19
1	vollständig	2020-03-26
1	vollständig	2020-04-01
1	vollständig	2020-04-03
1	vollständig	2020-04-25
1	vollständig	2020-04-28
1	vollumfänglich	2020-04-11
1	voraussehbar	2020-04-02
1	voraussichtlich	2020-04-28
1	voreilig	2020-04-14
1	voreilig	2020-04-23
1	vorgenehmen	2020-04-10
1	vorhanden	2020-03-24
1	vorhanden	2020-03-26
1	vorhanden	2020-04-21
1	vorhanden	2020-04-30
1	vorherrschend	2020-04-08
1	vorherrschend	2020-05-23
1	vorig	2020-04-20
1	vorliegend	2020-05-22
1	vorprogrammiert	2020-05-13
1	vorsichtig	2020-04-23
1	vorsichtig	2020-05-11
1	vorsichtig	2020-05-17
2	vorsichtig	2020-05-22
1	vorsichtig	2020-05-23
1	vorsichtig	2020-06-11
1	vorzeitig	2020-04-16
1	vorzeitig	2020-04-20
1	vorübergehend	2020-05-27
1	völlig	2020-03-19
1	völlig	2020-05-08
2	völlig	2020-05-11
1	völlig	2020-05-25
1	völlig	2020-06-13
1	wacklig	2020-04-15
1	wahr	2020-04-01
1	wahrscheinlich	2020-03-17
1	wahrscheinlich	2020-03-19
1	wahrscheinlich	2020-03-24
1	wahrscheinlich	2020-04-04
2	wahrscheinlich	2020-04-08
1	wahrscheinlich	2020-04-23
1	wahrscheinlich	2020-05-26
1	wahrscheinlich	2020-06-04
1	wahrscheinlich	2020-06-15
1	weit	2020-03-24
3	weit	2020-03-27
1	weit	2020-04-01
3	weit	2020-04-06
1	weit	2020-04-08
1	weit	2020-04-13
1	weit	2020-04-14
2	weit	2020-04-15
1	weit	2020-04-16
1	weit	2020-04-24
1	weit	2020-04-28
3	weit	2020-04-30
1	weit	2020-05-05
1	weit	2020-05-09
1	weit	2020-05-11
1	weit	2020-05-16
1	weit	2020-05-29
1	weitergehend	2020-04-16
1	weitestgehend	2020-04-16
1	weitestgehend	2020-04-21
1	weitestgehend	2020-05-25
1	weitgehend	2020-03-16
1	weitgehend	2020-03-17
1	weitgehend	2020-03-18
1	weitgehend	2020-03-28
1	weitgehend	2020-03-30
1	weitgehend	2020-04-01
1	weitgehend	2020-04-02
1	weitgehend	2020-04-04
1	weitgehend	2020-04-06
1	weitgehend	2020-04-07
1	weitgehend	2020-04-08
2	weitgehend	2020-04-17
1	weitgehend	2020-04-23
1	weitgehend	2020-04-27
1	weitgehend	2020-04-30
1	weiß	2020-04-21
1	weltweit	2020-03-23
1	weltweit	2020-04-06
2	weltweit	2020-04-15
1	weltweit	2020-04-28
1	weltweit	2020-04-30
1	werdend	2020-04-28
1	wert	2020-04-17
1	wesentlich	2020-04-22
2	wesentlich	2020-05-16
1	westindisch	2020-03-22
1	westlich	2020-04-02
1	westlich	2020-04-16
1	westlich	2020-06-07
1	wichtig	2020-03-18
1	wichtig	2020-03-27
1	wichtig	2020-03-28
1	wichtig	2020-04-02
1	wichtig	2020-04-03
1	wichtig	2020-04-06
1	wichtig	2020-04-09
1	wichtig	2020-04-10
1	wichtig	2020-04-14
1	wichtig	2020-04-20
1	wiederholt	2020-04-04
1	wirkend	2020-04-23
2	wirklich	2020-03-11
1	wirklich	2020-04-04
1	wirklich	2020-04-10
1	wirklich	2020-04-14
1	wirklich	2020-04-22
1	wirklich	2020-04-30
1	wirklich	2020-05-03
1	wirklich	2020-05-27
1	wirksam	2020-04-26
2	wirtschaftlich	2020-03-19
1	wirtschaftlich	2020-03-23
1	wirtschaftlich	2020-03-24
1	wirtschaftlich	2020-03-25
1	wirtschaftlich	2020-03-26
1	wirtschaftlich	2020-03-27
1	wirtschaftlich	2020-03-28
1	wirtschaftlich	2020-03-30
1	wirtschaftlich	2020-03-31
1	wirtschaftlich	2020-04-01
1	wirtschaftlich	2020-04-02
1	wirtschaftlich	2020-04-04
2	wirtschaftlich	2020-04-06
2	wirtschaftlich	2020-04-08
1	wirtschaftlich	2020-04-09
2	wirtschaftlich	2020-04-10
3	wirtschaftlich	2020-04-14
3	wirtschaftlich	2020-04-17
2	wirtschaftlich	2020-04-23
1	wirtschaftlich	2020-04-24
1	wirtschaftlich	2020-04-25
1	wirtschaftlich	2020-04-27
2	wirtschaftlich	2020-04-28
1	wirtschaftlich	2020-05-04
2	wirtschaftlich	2020-05-09
1	wirtschaftlich	2020-05-16
1	wirtschaftlich	2020-05-27
1	wirtschaftlich	2020-06-09
1	wirtschaftlich	2020-06-12
1	wirtschaftlich	2020-06-15
1	wirtschaftspolitisch	2020-03-26
1	wissenschaftlich	2020-03-08
1	wissenschaftlich	2020-03-19
1	wissenschaftlich	2020-03-22
1	wissenschaftlich	2020-03-27
1	wissenschaftlich	2020-04-10
1	wissenschaftlich	2020-04-23
1	wissenschaftlich-technisch	2020-05-01
1	wochenlang	2020-04-10
2	wochenlang	2020-04-20
1	wochenlang	2020-05-30
1	wochenlang	2020-06-12
2	wohlfeil	2020-04-24
1	wohlhabend	2020-04-23
1	wohltuend	2020-05-04
1	wohlverdient	2020-05-23
1	wunderschön	2020-05-08
1	während	2020-04-12
1	wünschenswert	2020-04-06
1	zahllos	2020-03-27
1	zahlreich	2020-03-26
1	zahlreich	2020-04-21
1	zahlreich	2020-04-28
1	zehnt	2020-03-11
1	zeitgleich	2020-04-20
1	zeitgleich	2020-05-04
1	zeitlich	2020-03-24
1	zerfleddert	2020-04-01
1	zugesagt	2020-04-15
1	zukünftig	2020-04-23
1	zunehmend	2020-03-19
1	zunehmend	2020-04-07
1	zurückzuführend	2020-04-25
1	zusätzlich	2020-03-18
1	zusätzlich	2020-03-23
3	zusätzlich	2020-03-26
1	zusätzlich	2020-03-28
1	zusätzlich	2020-03-30
1	zusätzlich	2020-03-31
1	zusätzlich	2020-04-01
1	zusätzlich	2020-04-17
1	zusätzlich	2020-04-20
2	zusätzlich	2020-04-23
1	zusätzlich	2020-04-30
1	zusätzlich	2020-05-11
1	zwangsläufig	2020-04-22
1	zweimonatig	2020-05-10
1	zweistellig	2020-03-29
1	zweit	2020-03-20
1	zweit	2020-03-26
1	zweit	2020-03-27
2	zweit	2020-03-30
1	zweit	2020-04-01
1	zweit	2020-04-02
1	zweit	2020-04-10
2	zweit	2020-04-14
1	zweit	2020-04-15
2	zweit	2020-04-18
1	zweit	2020-04-20
2	zweit	2020-04-21
1	zweit	2020-04-23
1	zweit	2020-04-25
1	zweit	2020-04-28
1	zweit	2020-05-06
1	zweit	2020-05-07
2	zweit	2020-05-11
4	zweit	2020-05-12
1	zweit	2020-05-13
2	zweit	2020-05-14
1	zweit	2020-05-16
1	zweit	2020-05-18
1	zweit	2020-05-27
2	zweit	2020-05-29
1	zweit	2020-06-09
1	zweit	2020-06-15
1	zwischenzeitlich	2020-04-17
1	zögerlich	2020-03-30
1	zögerlich	2020-04-19
1	zügig	2020-04-30
1	ähnlich	2020-03-23
1	ähnlich	2020-04-03
1	ähnlich	2020-04-09
2	öffentlich	2020-03-11
1	öffentlich	2020-03-13
2	öffentlich	2020-03-15
3	öffentlich	2020-03-16
1	öffentlich	2020-03-17
1	öffentlich	2020-03-18
1	öffentlich	2020-03-19
1	öffentlich	2020-03-20
1	öffentlich	2020-03-21
1	öffentlich	2020-03-24
1	öffentlich	2020-03-26
1	öffentlich	2020-03-30
1	öffentlich	2020-03-31
1	öffentlich	2020-04-02
1	öffentlich	2020-04-03
3	öffentlich	2020-04-06
1	öffentlich	2020-04-08
1	öffentlich	2020-04-14
1	öffentlich	2020-04-17
1	öffentlich	2020-04-23
2	öffentlich	2020-04-27
1	öffentlich	2020-04-28
1	öffentlich	2020-05-08
2	öffentlich	2020-05-16
1	ökologisch	2020-04-19
1	ökonomisch	2020-03-23
3	ökonomisch	2020-03-26
2	ökonomisch	2020-03-27
1	ökonomisch	2020-03-28
1	ökonomisch	2020-04-03
1	ökonomisch	2020-04-04
1	ökonomisch	2020-04-08
1	ökonomisch	2020-04-14
1	ökonomisch	2020-04-19
1	ökonomisch	2020-04-28
1	ökonomisch	2020-05-04
2	ökonomisch	2020-05-11
1	ökonomisch	2020-05-27
1	überdimensional	2020-04-27
1	überfallartig	2020-03-19
1	überflüssig	2020-04-28
1	überflüssig	2020-05-02
1	überfällig	2020-03-30
1	überfällig	2020-04-27
1	überlastet	2020-04-17
1	überlebensfähig	2020-04-15
1	überproportional	2020-04-25
1	überraschend	2020-04-14
1	überschaubar	2020-04-28
1	überwiegend	2020-05-22
1	überziehen	2020-04-14
1	übrig	2020-03-23
